KR220001,L 9759 UE,8/8/2022,,OL01,,,,,
KR220001,L 9759 UE,8/8/2022,,US04,,,,,
KR220001,L 9759 UE,8/8/2022,,OL02,,,,,
KR220001,L 9759 UE,8/8/2022,,OL01 ,,,,,
KR220001,L 9759 UE,8/8/2022,,OL01,,,,,
KR220001,L 9759 UE,8/8/2022,,OL01,,,,,
KR220001,L 9759 UE,8/8/2022,,,,,,,
KR220002,L 9160 UO,8/18/2022,,LS06,,,,,
KR220002,L 9160 UO,8/18/2022,,LS03,,,,,
KR220002,L 9160 UO,8/18/2022,,,,,,,
KR220003,L 8349 UZ,8/18/2022,,LAIN,,,,,
KR220003,L 8349 UZ,8/18/2022,,,,,,,
KR220004,L 8335 UU,8/8/2022,,LAIN,,,,,
KR220004,L 8335 UU,8/8/2022,,,,,,,
KR220005,L 8089 UB,8/8/2022,,OL01,,,,,
KR220005,L 8089 UB,8/8/2022,,,,,,,
KR220006,L 8684 UM,8/8/2022,,,,,,,
KR220007,L 9699 UP,8/8/2022,,,,,,,
KR220008,L 8703 UF,8/9/2022,,LS02,,,,,
KR220008,L 8703 UF,8/9/2022,,LS02,,,,,
KR220008,L 8703 UF,8/9/2022,,LS02,,,,,
KR220008,L 8703 UF,8/9/2022,,,,,,,
KR220009,L 8473 UO,8/9/2022,,,,,,,
KR220010,L 8671 UQ,8/18/2022,,BN01,,,,,
KR220010,L 8671 UQ,8/18/2022,,BN01,,,,,
KR220010,L 8671 UQ,8/18/2022,,BN02,,,,,
KR220010,L 8671 UQ,8/18/2022,,LS06,,,,,
KR220010,L 8671 UQ,8/18/2022,,,,,,,
KR220011,L 8349 UZ,8/18/2022,,US04,,,,,
KR220011,L 8349 UZ,8/18/2022,,US03,,,,,
KR220011,L 8349 UZ,8/18/2022,,US02,,,,,
KR220011,L 8349 UZ,8/18/2022,,LAIN,,,,,
KR220011,L 8349 UZ,8/18/2022,,,,,,,
KR220012,L 8287 UD,8/18/2022,,LS03,,,,,
KR220012,L 8287 UD,8/18/2022,,,,,,,
KR220013,L 9652 UP,8/18/2022,,,,,,,
KR220014,L 8692 UR,8/18/2022,,US01,,,,,
KR220014,L 8692 UR,8/18/2022,,US01,,,,,
KR220014,L 8692 UR,8/18/2022,,,,,,,
KR220015,L 8825 UR,8/18/2022,,,,,,,
KR220016,L 9412 UR,8/10/2022,,OL01,,,,,
KR220016,L 9412 UR,8/10/2022,,OL01,,,,,
KR220016,L 9412 UR,8/10/2022,,OL02,,,,,
KR220016,L 9412 UR,8/10/2022,,US01,,,,,
KR220016,L 9412 UR,8/10/2022,,OL01,,,,,
KR220016,L 9412 UR,8/10/2022,,OL01,,,,,
KR220016,L 9412 UR,8/10/2022,,OL01,,,,,
KR220016,L 9412 UR,8/10/2022,,OL01,,,,,
KR220016,L 9412 UR,8/10/2022,,OL01,,,,,
KR220016,L 9412 UR,8/10/2022,,LS03,,,,,
KR220016,L 9412 UR,8/10/2022,,LS03,,,,,
KR220016,L 9412 UR,8/10/2022,,LS03,,,,,
KR220016,L 9412 UR,8/10/2022,,LS01,,,,,
KR220016,L 9412 UR,8/10/2022,,LS03,,,,,
KR220016,L 9412 UR,8/10/2022,,LS03,,,,,
KR220016,L 9412 UR,8/10/2022,,LAIN,,,,,
KR220016,L 9412 UR,8/10/2022,,LAIN,,,,,
KR220016,L 9412 UR,8/10/2022,,,,,,,
KR220017,L 8353 UG,8/18/2022,,,,,,,
KR220018,L 9030 UT,8/18/2022,,OL01,,,,,
KR220018,L 9030 UT,8/18/2022,,OL02,,,,,
KR220018,L 9030 UT,8/18/2022,,OL03,,,,,
KR220018,L 9030 UT,8/18/2022,,OL03,,,,,
KR220018,L 9030 UT,8/18/2022,,OL03,,,,,
KR220018,L 9030 UT,8/18/2022,,US06,,,,,
KR220019,L 9701 UP,8/10/2022,,US06,,,,,
KR220019,L 9701 UP,8/10/2022,,US06,,,,,
KR220019,L 9701 UP,8/10/2022,,US03,,,,,
KR220019,L 9701 UP,8/10/2022,,,,,,,
KR220020,L 9383 UA,8/10/2022,,,,,,,
KR220022,L 9768 UP,8/18/2022,,,,,,,
KR220023,L 9663 UQ,8/10/2022,,LA05,,,,,
KR220023,L 9663 UQ,8/10/2022,,LA07,,,,,
KR220023,L 9663 UQ,8/10/2022,,LA07,,,,,
KR220023,L 9663 UQ,8/10/2022,,,,,,,
KR220024,L 8011 UB,8/10/2022,,OL01,,,,,
KR220024,L 8011 UB,8/10/2022,,OL01,,,,,
KR220024,L 8011 UB,8/10/2022,,OL02,,,,,
KR220024,L 8011 UB,8/10/2022,,OL03,,,,,
KR220024,L 8011 UB,8/10/2022,,OL03,,,,,
KR220024,L 8011 UB,8/10/2022,,OL03,,,,,
KR220024,L 8011 UB,8/10/2022,,OL03,,,,,
KR220024,L 8011 UB,8/10/2022,,,,,,,
KR220025,L 9526 UQ,8/18/2022,,,,,,,
KR220026,L 8476 UU,8/18/2022,,US04,,,,,
KR220026,L 8476 UU,8/18/2022,,LS03,,,,,
KR220026,L 8476 UU,8/18/2022,,US03,,,,,
KR220026,L 8476 UU,8/18/2022,,,,,,,
KR220027,L 8088 UA,8/18/2022,,,,,,,
KR220028,L 8015 UB,8/19/2022,,LS03,,,,,
KR220028,L 8015 UB,8/19/2022,,,,,,,
KR220029,L 8567 UO,8/19/2022,,US06,,,,,
KR220029,L 8567 UO,8/19/2022,,,,,,,
KR220030,L 8231 UO,8/10/2022,,,,,,,
KR220031,L 9376 UR,8/10/2022,,LAIN,,,,,
KR220031,L 9376 UR,8/10/2022,,LAIN,,,,,
KR220031,L 9376 UR,8/10/2022,,US03,,,,,
KR220031,L 9376 UR,8/10/2022,,LAIN,,,,,
KR220031,L 9376 UR,8/10/2022,,MS03,,,,,
KR220031,L 9376 UR,8/10/2022,,,,,,,
KR220032,L 8006 UB,8/19/2022,,OL01,,,,,
KR220032,L 8006 UB,8/19/2022,,OL01,,,,,
KR220032,L 8006 UB,8/19/2022,,OL01,,,,,
KR220032,L 8006 UB,8/19/2022,,OL03,,,,,
KR220032,L 8006 UB,8/19/2022,,OL03,,,,,
KR220032,L 8006 UB,8/19/2022,,OL03,,,,,
KR220032,L 8006 UB,8/19/2022,,,,,,,
KR220033,L 9690 UP,8/19/2022,,BN01,,,,,
KR220033,L 9690 UP,8/19/2022,,,,,,,
KR220034,L 9675 UP,8/19/2022,,US01,,,,,
KR220034,L 9675 UP,8/19/2022,,LAIN,,,,,
KR220034,L 9675 UP,8/19/2022,,LAIN,,,,,
KR220034,L 9675 UP,8/19/2022,,LAIN,,,,,
KR220034,L 9675 UP,8/19/2022,,,,,,,
KR220035,L 8009 UB,8/19/2022,,,,,,,
KR220036,L 8826 UR,8/10/2022,,LA04,,,,,
KR220036,L 8826 UR,8/10/2022,,US06,,,,,
KR220036,L 8826 UR,8/10/2022,,,,,,,
KR220037,L 9989 US,8/10/2022,,OL01,,,,,
KR220037,L 9989 US,8/10/2022,,OL01,,,,,
KR220037,L 9989 US,8/10/2022,,OL02,,,,,
KR220037,L 9989 US,8/10/2022,,OL03,,,,,
KR220037,L 9989 US,8/10/2022,,OL03,,,,,
KR220037,L 9989 US,8/10/2022,,OL03,,,,,
KR220037,L 9989 US,8/10/2022,,OL03,,,,,
KR220037,L 9989 US,8/10/2022,,OL03,,,,,
KR220037,L 9989 US,8/10/2022,,,,,,,
KR220038,L 9159 UN,8/10/2022,,OL02,,,,,
KR220038,L 9159 UN,8/10/2022,,US06,,,,,
KR220038,L 9159 UN,8/10/2022,,US06,,,,,
KR220038,L 9159 UN,8/10/2022,,US05,,,,,
KR220038,L 9159 UN,8/10/2022,,,,,,,
KR220039,L 8515 UU,8/19/2022,,US08,,,,,
KR220039,L 8515 UU,8/19/2022,,LS03,,,,,
KR220039,L 8515 UU,8/19/2022,,LS03,,,,,
KR220039,L 8515 UU,8/19/2022,,,,,,,
KR220040,L 8852 UO,8/19/2022,,KS03,,,,,
KR220040,L 8852 UO,8/19/2022,,,,,,,
KR220041,L 9741 UR,8/19/2022,,US04,,,,,
KR220041,L 9741 UR,8/19/2022,,LAIN,,,,,
KR220041,L 9741 UR,8/19/2022,,US06,,,,,
KR220041,L 9741 UR,8/19/2022,,LS03,,,,,
KR220041,L 9741 UR,8/19/2022,,US03,,,,,
KR220041,L 9741 UR,8/19/2022,,US02,,,,,
KR220041,L 9741 UR,8/19/2022,,,,,,,
KR220042,L 9370 UP,8/19/2022,,OL01,,,,,
KR220042,L 9370 UP,8/19/2022,,OL01,,,,,
KR220042,L 9370 UP,8/19/2022,,OL02,,,,,
KR220042,L 9370 UP,8/19/2022,,OL01,,,,,
KR220042,L 9370 UP,8/19/2022,,OL01,,,,,
KR220042,L 9370 UP,8/19/2022,,OL01,,,,,
KR220042,L 9370 UP,8/19/2022,,OL01,,,,,
KR220042,L 9370 UP,8/19/2022,,OL01,,,,,
KR220042,L 9370 UP,8/19/2022,,LS03,,,,,
KR220042,L 9370 UP,8/19/2022,,,,,,,
KR220043,L 8089 UB,8/19/2022,,,,,,,
KR220044,L 9996 UR,8/20/2022,,OL01,,,,,
KR220044,L 9996 UR,8/20/2022,,OL02,,,,,
KR220044,L 9996 UR,8/20/2022,,OL01,,,,,
KR220044,L 9996 UR,8/20/2022,,OL01,,,,,
KR220044,L 9996 UR,8/20/2022,,OL01,,,,,
KR220044,L 9996 UR,8/20/2022,,,,,,,
KR220046,L 9185 UR,8/20/2022,,OL01,,,,,
KR220046,L 9185 UR,8/20/2022,,OL01,,,,,
KR220046,L 9185 UR,8/20/2022,,OL01,,,,,
KR220046,L 9185 UR,8/20/2022,,OL01,,,,,
KR220046,L 9185 UR,8/20/2022,,US05,,,,,
KR220046,L 9185 UR,8/20/2022,,,,,,,
KR220047,L 8673 UQ,8/20/2022,,LS03,,,,,
KR220047,L 8673 UQ,8/20/2022,,LS03,,,,,
KR220047,L 8673 UQ,8/20/2022,,KS03,,,,,
KR220047,L 8673 UQ,8/20/2022,,,,,,,
KR220048,L 8826 UR,8/10/2022,,,,,,,
KR220049,L 9412 UR,8/20/2022,,US06,,,,,
KR220049,L 9412 UR,8/20/2022,,US01,,,,,
KR220049,L 9412 UR,8/20/2022,,US06,,,,,
KR220049,L 9412 UR,8/20/2022,,US02,,,,,
KR220049,L 9412 UR,8/20/2022,,,,,,,
KR220050,L 9989 US,8/10/2022,,,,,,,
KR220051,L 8480 UF,8/10/2022,,US04,,,,,
KR220051,L 8480 UF,8/10/2022,,US01,,,,,
KR220051,L 8480 UF,8/10/2022,,LA07,,,,,
KR220051,L 8480 UF,8/10/2022,,LA07,,,,,
KR220051,L 8480 UF,8/10/2022,,LS03,,,,,
KR220051,L 8480 UF,8/10/2022,,US04,,,,,
KR220051,L 8480 UF,8/10/2022,,US04,,,,,
KR220051,L 8480 UF,8/10/2022,,,,,,,
KR220052,L 8978 UA,8/10/2022,,,,,,,
KR220053,L 9371 UP,8/10/2022,,,,,,,
KR220054,L 8443 UO,8/20/2022,,OL02,,,,,
KR220054,L 8443 UO,8/20/2022,,US06,,,,,
KR220054,L 8443 UO,8/20/2022,,LS03,,,,,
KR220054,L 8443 UO,8/20/2022,,LS06,,,,,
KR220054,L 8443 UO,8/20/2022,,LS03,,,,,
KR220054,L 8443 UO,8/20/2022,,LS03,,,,,
KR220054,L 8443 UO,8/20/2022,,LS06,,,,,
KR220054,L 8443 UO,8/20/2022,,LS06,,,,,
KR220054,L 8443 UO,8/20/2022,,LS06,,,,,
KR220054,L 8443 UO,8/20/2022,,LS06,,,,,
KR220054,L 8443 UO,8/20/2022,,KS03,,,,,
KR220054,L 8443 UO,8/20/2022,,,,,,,
KR220055,L 8941 UO,8/10/2022,,US06,,,,,
KR220055,L 8941 UO,8/10/2022,,,,,,,
KR220056,L 9401 UA,8/11/2022,,US06,,,,,
KR220056,L 9401 UA,8/11/2022,,US02,,,,,
KR220056,L 9401 UA,8/11/2022,,,,,,,
KR220057,L 9199 US,8/11/2022,,OL01,,,,,
KR220057,L 9199 US,8/11/2022,,OL01,,,,,
KR220057,L 9199 US,8/11/2022,,OL02,,,,,
KR220057,L 9199 US,8/11/2022,,OL03,,,,,
KR220057,L 9199 US,8/11/2022,,OL03,,,,,
KR220057,L 9199 US,8/11/2022,,OL03,,,,,
KR220057,L 9199 US,8/11/2022,,OL03,,,,,
KR220057,L 9199 US,8/11/2022,,,,,,,
KR220058,L 9752 UM,8/11/2022,,US06,,,,,
KR220058,L 9752 UM,8/11/2022,,US01,,,,,
KR220058,L 9752 UM,8/11/2022,,LA07,,,,,
KR220058,L 9752 UM,8/11/2022,,LA07,,,,,
KR220058,L 9752 UM,8/11/2022,,US01,,,,,
KR220058,L 9752 UM,8/11/2022,,US01,,,,,
KR220058,L 9752 UM,8/11/2022,,,,,,,
KR220059,L 9169 UR,8/11/2022,,BN01,,,,,
KR220059,L 9169 UR,8/11/2022,,BN01,,,,,
KR220059,L 9169 UR,8/11/2022,,BN01,,,,,
KR220059,L 9169 UR,8/11/2022,,OL01,,,,,
KR220059,L 9169 UR,8/11/2022,,OL02,,,,,
KR220059,L 9169 UR,8/11/2022,,US06,,,,,
KR220059,L 9169 UR,8/11/2022,,US06,,,,,
KR220059,L 9169 UR,8/11/2022,,US06,,,,,
KR220059,L 9169 UR,8/11/2022,,US01,,,,,
KR220059,L 9169 UR,8/11/2022,,US05,,,,,
KR220059,L 9169 UR,8/11/2022,,US01,,,,,
KR220059,L 9169 UR,8/11/2022,,US06,,,,,
KR220059,L 9169 UR,8/11/2022,,LS06,,,,,
KR220059,L 9169 UR,8/11/2022,,US06,,,,,
KR220059,L 9169 UR,8/11/2022,,US06,,,,,
KR220059,L 9169 UR,8/11/2022,,,,,,,
KR220060,L 9105 UN,8/11/2022,,LS06,LS07,,,,
KR220060,L 9105 UN,8/11/2022,,LS06,LS07,,,,
KR220060,L 9105 UN,8/11/2022,,,,,,,
KR220061,L 8319 UG,8/11/2022,,US06,,,,,
KR220061,L 8319 UG,8/11/2022,,US06,,,,,
KR220061,L 8319 UG,8/11/2022,,US06,,,,,
KR220061,L 8319 UG,8/11/2022,,US06,,,,,
KR220061,L 8319 UG,8/11/2022,,US06,,,,,
KR220061,L 8319 UG,8/11/2022,,US05,,,,,
KR220061,L 8319 UG,8/11/2022,,US05,,,,,
KR220061,L 8319 UG,8/11/2022,,US05,,,,,
KR220061,L 8319 UG,8/11/2022,,US05,,,,,
KR220061,L 8319 UG,8/11/2022,,US05,,,,,
KR220061,L 8319 UG,8/11/2022,,US05,,,,,
KR220061,L 8319 UG,8/11/2022,,US05,,,,,
KR220061,L 8319 UG,8/11/2022,,US06,,,,,
KR220061,L 8319 UG,8/11/2022,,US07,,,,,
KR220061,L 8319 UG,8/11/2022,,,,,,,
KR220062,L 8174 UO,8/11/2022,,BN01,,,,,
KR220062,L 8174 UO,8/11/2022,,BN01,,,,,
KR220062,L 8174 UO,8/11/2022,,BN01,,,,,
KR220062,L 8174 UO,8/11/2022,,LS01,,,,,
KR220062,L 8174 UO,8/11/2022,,LAIN,,,,,
KR220062,L 8174 UO,8/11/2022,,US06,,,,,
KR220062,L 8174 UO,8/11/2022,,LS01,,,,,
KR220062,L 8174 UO,8/11/2022,,LS01,,,,,
KR220062,L 8174 UO,8/11/2022,,,,,,,
KR220063,L 9690 UN,8/11/2022,,US06,,,,,
KR220063,L 9690 UN,8/11/2022,,US06,,,,,
KR220063,L 9690 UN,8/11/2022,,US07,,,,,
KR220063,L 9690 UN,8/11/2022,,US06,,,,,
KR220063,L 9690 UN,8/11/2022,,US07,,,,,
KR220063,L 9690 UN,8/11/2022,,,,,,,
KR220064,L 8209 UO,8/20/2022,,OL02,,,,,
KR220064,L 8209 UO,8/20/2022,,LS06,,,,,
KR220064,L 8209 UO,8/20/2022,,LS06,,,,,
KR220064,L 8209 UO,8/20/2022,,LS06,,,,,
KR220064,L 8209 UO,8/20/2022,,LS06,,,,,
KR220064,L 8209 UO,8/20/2022,,,,,,,
KR220065,L 8071 UP,8/20/2022,,OL01,,,,,
KR220065,L 8071 UP,8/20/2022,,OL01,,,,,
KR220065,L 8071 UP,8/20/2022,,OL02,,,,,
KR220065,L 8071 UP,8/20/2022,,OL01,,,,,
KR220065,L 8071 UP,8/20/2022,,OL01,,,,,
KR220065,L 8071 UP,8/20/2022,,OL01,,,,,
KR220065,L 8071 UP,8/20/2022,,,,,,,
KR220066,L 8176 UO,8/20/2022,,OL01,,,,,
KR220066,L 8176 UO,8/20/2022,,OL02,,,,,
KR220066,L 8176 UO,8/20/2022,,OL01,,,,,
KR220066,L 8176 UO,8/20/2022,,OL01,,,,,
KR220066,L 8176 UO,8/20/2022,,OL01,,,,,
KR220066,L 8176 UO,8/20/2022,,,,,,,
KR220067,L 8879 UC,8/20/2022,,US01,,,,,
KR220067,L 8879 UC,8/20/2022,,,,,,,
KR220068,L 8141 UT,8/12/2022,,LS04,,,,,
KR220068,L 8141 UT,8/12/2022,,,,,,,
KR220069,L 8432 UO,8/12/2022,,BN01,,,,,
KR220069,L 8432 UO,8/12/2022,,BN02,,,,,
KR220069,L 8432 UO,8/12/2022,,,,,,,
KR220070,L 9905 UP,8/12/2022,,BN01,,,,,
KR220070,L 9905 UP,8/12/2022,,BN01,,,,,
KR220070,L 9905 UP,8/12/2022,,,,,,,
KR220071,L 9690 UP,8/12/2022,,BN01,,,,,
KR220071,L 9690 UP,8/12/2022,,,,,,,
KR220072,L 9653 UP,8/12/2022,,LS06,,,,,
KR220072,L 9653 UP,8/12/2022,,LS06,,,,,
KR220072,L 9653 UP,8/12/2022,,LS06,,,,,
KR220072,L 9653 UP,8/12/2022,,,,,,,
KR220073,L 8507 UU,8/12/2022,,BN01,,,,,
KR220073,L 8507 UU,8/12/2022,,BN01,,,,,
KR220073,L 8507 UU,8/12/2022,,BN02,,,,,
KR220073,L 8507 UU,8/12/2022,,LS03,,,,,
KR220073,L 8507 UU,8/12/2022,,LS06,,,,,
KR220073,L 8507 UU,8/12/2022,,LS06,,,,,
KR220073,L 8507 UU,8/12/2022,,,,,,,
KR220074,L 8266 UC,8/12/2022,,OL01,,,,,
KR220074,L 8266 UC,8/12/2022,,OL02,,,,,
KR220074,L 8266 UC,8/12/2022,,OL01,,,,,
KR220074,L 8266 UC,8/12/2022,,OL01,,,,,
KR220074,L 8266 UC,8/12/2022,,OL01,,,,,
KR220074,L 8266 UC,8/12/2022,,OL01,,,,,
KR220074,L 8266 UC,8/12/2022,,OL01,,,,,
KR220074,L 8266 UC,8/12/2022,,US06,,,,,
KR220074,L 8266 UC,8/12/2022,,,,,,,
KR220075,L 8021 UM,8/12/2022,,US04,,,,,
KR220075,L 8021 UM,8/12/2022,,US06,,,,,
KR220075,L 8021 UM,8/12/2022,,US03,,,,,
KR220075,L 8021 UM,8/12/2022,,US04,,,,,
KR220075,L 8021 UM,8/12/2022,,,,,,,
KR220076,L 8205 UO,8/12/2022,,BN01,,,,,
KR220076,L 8205 UO,8/12/2022,,OL01,,,,,
KR220076,L 8205 UO,8/12/2022,,OL02,,,,,
KR220076,L 8205 UO,8/12/2022,,US01,,,,,
KR220076,L 8205 UO,8/12/2022,,OL01,,,,,
KR220076,L 8205 UO,8/12/2022,,OL01,,,,,
KR220076,L 8205 UO,8/12/2022,,OL01,,,,,
KR220076,L 8205 UO,8/12/2022,,OL01,,,,,
KR220076,L 8205 UO,8/12/2022,,OL01,,,,,
KR220076,L 8205 UO,8/12/2022,,LA04,,,,,
KR220076,L 8205 UO,8/12/2022,,KS03,,,,,
KR220076,L 8205 UO,8/12/2022,,,,,,,
KR220077,L 9904 UR,8/20/2022,,OL01,,,,,
KR220077,L 9904 UR,8/20/2022,,OL01,,,,,
KR220077,L 9904 UR,8/20/2022,,OL02,,,,,
KR220077,L 9904 UR,8/20/2022,,US01,,,,,
KR220077,L 9904 UR,8/20/2022,,US01,,,,,
KR220077,L 9904 UR,8/20/2022,,US08,,,,,
KR220077,L 9904 UR,8/20/2022,,US08,,,,,
KR220077,L 9904 UR,8/20/2022,,US08,,,,,
KR220077,L 9904 UR,8/20/2022,,US08,,,,,
KR220077,L 9904 UR,8/20/2022,,US06,,,,,
KR220077,L 9904 UR,8/20/2022,,BN05,,,,,
KR220077,L 9904 UR,8/20/2022,,,,,,,
KR220078,L 9699 UP,8/22/2022,,LS01,,,,,
KR220078,L 9699 UP,8/22/2022,,LS01,,,,,
KR220078,L 9699 UP,8/22/2022,,LS01,,,,,
KR220078,L 9699 UP,8/22/2022,,,,,,,
KR220079,L 9625 US,8/22/2022,,OL01,,,,,
KR220079,L 9625 US,8/22/2022,,OL01,,,,,
KR220079,L 9625 US,8/22/2022,,OL01,,,,,
KR220079,L 9625 US,8/22/2022,,OL02,,,,,
KR220079,L 9625 US,8/22/2022,,US06,,,,,
KR220079,L 9625 US,8/22/2022,,US06,,,,,
KR220079,L 9625 US,8/22/2022,,OL01,,,,,
KR220079,L 9625 US,8/22/2022,,OL01,,,,,
KR220079,L 9625 US,8/22/2022,,OL01,,,,,
KR220079,L 9625 US,8/22/2022,,US06,,,,,
KR220079,L 9625 US,8/22/2022,,US02,,,,,
KR220079,L 9625 US,8/22/2022,,,,,,,
KR220080,L 9868 UP,8/12/2022,,BN01,,,,,
KR220080,L 9868 UP,8/12/2022,,BN02,,,,,
KR220080,L 9868 UP,8/12/2022,,LS03,,,,,
KR220080,L 9868 UP,8/12/2022,,LS03,,,,,
KR220080,L 9868 UP,8/12/2022,,LS03,,,,,
KR220080,L 9868 UP,8/12/2022,,,,,,,
KR220081,L 8853 UO,8/12/2022,,US04,,,,,
KR220081,L 8853 UO,8/12/2022,,US03,,,,,
KR220081,L 8853 UO,8/12/2022,,,,,,,
KR220082,L 8875 UR,8/12/2022,,BN01,,,,,
KR220082,L 8875 UR,8/12/2022,,,,,,,
KR220083,L 8054 UG,8/13/2022,,US04,,,,,
KR220083,L 8054 UG,8/13/2022,,US06,,,,,
KR220083,L 8054 UG,8/13/2022,,US06,,,,,
KR220083,L 8054 UG,8/13/2022,,LA07,,,,,
KR220083,L 8054 UG,8/13/2022,,US03,,,,,
KR220083,L 8054 UG,8/13/2022,,LA06,,,,,
KR220083,L 8054 UG,8/13/2022,,LA06,,,,,
KR220083,L 8054 UG,8/13/2022,,LA06,,,,,
KR220083,L 8054 UG,8/13/2022,,LA06,,,,,
KR220083,L 8054 UG,8/13/2022,,US03,,,,,
KR220083,L 8054 UG,8/13/2022,,KS03,,,,,
KR220083,L 8054 UG,8/13/2022,,,,,,,
KR220084,L 8287 UD,8/13/2022,,,,,,,
KR220086,L 8930 UB,8/13/2022,,OL01,,,,,
KR220086,L 8930 UB,8/13/2022,,,,,,,
KR220087,L 9941 UN,8/13/2022,,BN01,,,,,
KR220087,L 9941 UN,8/13/2022,,LA06,,,,,
KR220087,L 9941 UN,8/13/2022,,LA06,,,,,
KR220087,L 9941 UN,8/13/2022,,,,,,,
KR220088,L 9332 UP,8/13/2022,,,,,,,
KR220089,L 8025 UA,8/13/2022,,US06,,,,,
KR220089,L 8025 UA,8/13/2022,,LA06,,,,,
KR220089,L 8025 UA,8/13/2022,,LA06,,,,,
KR220089,L 8025 UA,8/13/2022,,US03,,,,,
KR220089,L 8025 UA,8/13/2022,,US06,,,,,
KR220089,L 8025 UA,8/13/2022,,,,,,,
KR220090,L 8475 UU,8/13/2022,,BN01,,,,,
KR220090,L 8475 UU,8/13/2022,,OL01,,,,,
KR220090,L 8475 UU,8/13/2022,,,,,,,
KR220091,L 8074 UP,8/13/2022,,,,,,,
KR220092,L 9923 UP,8/13/2022,,US04,,,,,
KR220092,L 9923 UP,8/13/2022,,US06,,,,,
KR220092,L 9923 UP,8/13/2022,,US03,,,,,
KR220092,L 9923 UP,8/13/2022,,US06,,,,,
KR220092,L 9923 UP,8/13/2022,,US02,,,,,
KR220092,L 9923 UP,8/13/2022,,,,,,,
KR220093,L 9991 UP,8/13/2022,,US06,,,,,
KR220093,L 9991 UP,8/13/2022,,US06,,,,,
KR220093,L 9991 UP,8/13/2022,,OL01,,,,,
KR220093,L 9991 UP,8/13/2022,,OL01,,,,,
KR220093,L 9991 UP,8/13/2022,,US03,,,,,
KR220093,L 9991 UP,8/13/2022,,US06,,,,,
KR220093,L 9991 UP,8/13/2022,,,,,,,
KR220094,L 8315 UO,8/15/2022,,OL01,,,,,
KR220094,L 8315 UO,8/15/2022,,OL02,,,,,
KR220094,L 8315 UO,8/15/2022,,OL01,,,,,
KR220094,L 8315 UO,8/15/2022,,OL01,,,,,
KR220094,L 8315 UO,8/15/2022,,OL01,,,,,
KR220094,L 8315 UO,8/15/2022,,,,,,,
KR220095,L 8069 UP,8/15/2022,,OL01,,,,,
KR220095,L 8069 UP,8/15/2022,,US06,,,,,
KR220095,L 8069 UP,8/15/2022,,US06,,,,,
KR220095,L 8069 UP,8/15/2022,,LS06,,,,,
KR220095,L 8069 UP,8/15/2022,,LS06,,,,,
KR220095,L 8069 UP,8/15/2022,,LS06,,,,,
KR220095,L 8069 UP,8/15/2022,,,,,,,
KR220096,L 9987 UP,8/15/2022,,BN01,,,,,
KR220096,L 9987 UP,8/15/2022,,US01,,,,,
KR220096,L 9987 UP,8/15/2022,,,,,,,
KR220097,L 9617 UO,8/15/2022,,OL01,,,,,
KR220097,L 9617 UO,8/15/2022,,OL01,,,,,
KR220097,L 9617 UO,8/15/2022,,OL01,,,,,
KR220097,L 9617 UO,8/15/2022,,OL01,,,,,
KR220097,L 9617 UO,8/15/2022,,US01,,,,,
KR220097,L 9617 UO,8/15/2022,,,,,,,
KR220098,L 8436 UO,8/15/2022,,,,,,,
KR220099,L 8437 UO,8/15/2022,,KS03,,,,,
KR220099,L 8437 UO,8/15/2022,,,,,,,
KR220100,L 8486 UR,8/15/2022,,BN01,,,,,
KR220100,L 8486 UR,8/15/2022,,OL01,,,,,
KR220100,L 8486 UR,8/15/2022,,OL01,,,,,
KR220100,L 8486 UR,8/15/2022,,OL02,,,,,
KR220100,L 8486 UR,8/15/2022,,OL01,,,,,
KR220100,L 8486 UR,8/15/2022,,OL01,,,,,
KR220100,L 8486 UR,8/15/2022,,OL01,,,,,
KR220100,L 8486 UR,8/15/2022,,OL01,,,,,
KR220100,L 8486 UR,8/15/2022,,,,,,,
KR220101,L 8011 UG,8/15/2022,,US06,,,,,
KR220101,L 8011 UG,8/15/2022,,US06,,,,,
KR220101,L 8011 UG,8/15/2022,,US06,,,,,
KR220101,L 8011 UG,8/15/2022,,US06,,,,,
KR220101,L 8011 UG,8/15/2022,,US06,,,,,
KR220101,L 8011 UG,8/15/2022,,US05,,,,,
KR220101,L 8011 UG,8/15/2022,,US06,,,,,
KR220101,L 8011 UG,8/15/2022,,LS06,,,,,
KR220101,L 8011 UG,8/15/2022,,LS06,,,,,
KR220101,L 8011 UG,8/15/2022,,LS06,,,,,
KR220101,L 8011 UG,8/15/2022,,LS06,,,,,
KR220101,L 8011 UG,8/15/2022,,LA07,,,,,
KR220101,L 8011 UG,8/15/2022,,LA07,,,,,
KR220101,L 8011 UG,8/15/2022,,LA07,,,,,
KR220101,L 8011 UG,8/15/2022,,LS03,,,,,
KR220101,L 8011 UG,8/15/2022,,US06,,,,,
KR220101,L 8011 UG,8/15/2022,,US06,,,,,
KR220101,L 8011 UG,8/15/2022,,US05,,,,,
KR220101,L 8011 UG,8/15/2022,,US05,,,,,
KR220101,L 8011 UG,8/15/2022,,US06,,,,,
KR220101,L 8011 UG,8/15/2022,,US06,,,,,
KR220101,L 8011 UG,8/15/2022,,US06,,,,,
KR220101,L 8011 UG,8/15/2022,,US06,,,,,
KR220101,L 8011 UG,8/15/2022,,US02,,,,,
KR220101,L 8011 UG,8/15/2022,,US06,,,,,
KR220101,L 8011 UG,8/15/2022,,US07,,,,,
KR220101,L 8011 UG,8/15/2022,,,,,,,
KR220102,L 9472 UR,8/15/2022,,OL01,,,,,
KR220102,L 9472 UR,8/15/2022,,US01,,,,,
KR220102,L 9472 UR,8/15/2022,,US06,,,,,
KR220102,L 9472 UR,8/15/2022,,US06,,,,,
KR220102,L 9472 UR,8/15/2022,,US06,,,,,
KR220102,L 9472 UR,8/15/2022,,,,,,,
KR220103,L 8976 UF,8/15/2022,,US06,,,,,
KR220103,L 8976 UF,8/15/2022,,US06,,,,,
KR220103,L 8976 UF,8/15/2022,,US06,,,,,
KR220103,L 8976 UF,8/15/2022,,US03,,,,,
KR220103,L 8976 UF,8/15/2022,,US06,,,,,
KR220103,L 8976 UF,8/15/2022,,,,,,,
KR220104,L 8875 UC,8/15/2022,,,,,,,
KR220105,L 8286 UD,8/15/2022,,LS01,,,,,
KR220105,L 8286 UD,8/15/2022,,LS01,,,,,
KR220105,L 8286 UD,8/15/2022,,,,,,,
KR220106,L 8474 UO,8/16/2022,,BN01,,,,,
KR220106,L 8474 UO,8/16/2022,,US01,,,,,
KR220106,L 8474 UO,8/16/2022,,,,,,,
KR220107,L 8438 UO,8/16/2022,,BN01,,,,,
KR220107,L 8438 UO,8/16/2022,,,,,,,
KR220108,L 8940 UR,8/16/2022,,LS06,,,,,
KR220108,L 8940 UR,8/16/2022,,LS06,,,,,
KR220108,L 8940 UR,8/16/2022,,,,,,,
KR220109,L 9188 US,8/16/2022,,OL01,,,,,
KR220109,L 9188 US,8/16/2022,,OL01,,,,,
KR220109,L 9188 US,8/16/2022,,OL02,,,,,
KR220109,L 9188 US,8/16/2022,,OL01,,,,,
KR220109,L 9188 US,8/16/2022,,OL01,,,,,
KR220109,L 9188 US,8/16/2022,,OL01,,,,,
KR220109,L 9188 US,8/16/2022,,OL01,,,,,
KR220109,L 9188 US,8/16/2022,,US01,,,,,
KR220109,L 9188 US,8/16/2022,,,,,,,
KR220110,L 8337 UU,8/16/2022,,OL01,,,,,
KR220110,L 8337 UU,8/16/2022,,LAIN,,,,,
KR220110,L 8337 UU,8/16/2022,,KS03,,,,,
KR220110,L 8337 UU,8/16/2022,,,,,,,
KR220111,L 8434 UO,8/16/2022,,BN01,,,,,
KR220111,L 8434 UO,8/16/2022,,OL01,,,,,
KR220111,L 8434 UO,8/16/2022,,OL01,,,,,
KR220111,L 8434 UO,8/16/2022,,OL01,,,,,
KR220111,L 8434 UO,8/16/2022,,OL01,,,,,
KR220111,L 8434 UO,8/16/2022,,,,,,,
KR220112,L 8672 UQ,8/16/2022,,OL02,,,,,
KR220112,L 8672 UQ,8/16/2022,,US06,,,,,
KR220112,L 8672 UQ,8/16/2022,,,,,,,
KR220113,L 8317 UO,8/22/2022,,KS03,,,,,
KR220113,L 8317 UO,8/22/2022,,,,,,,
KR220114,L 8068 UP,8/16/2022,,US06,,,,,
KR220114,L 8068 UP,8/16/2022,,US06,,,,,
KR220114,L 8068 UP,8/16/2022,,US06,,,,,
KR220114,L 8068 UP,8/16/2022,,,,,,,
KR220115,L 8103 UA,8/22/2022,,,,,,,
KR220117,L 8625 UR,8/22/2022,,,,,,,
KR220118,L 8440 UO,8/23/2022,,LS03,,,,,
KR220118,L 8440 UO,8/23/2022,,LS06,,,,,
KR220118,L 8440 UO,8/23/2022,,LS06,,,,,
KR220118,L 8440 UO,8/23/2022,,,,,,,
KR220119,L 8331 UU,8/23/2022,,US04,,,,,
KR220119,L 8331 UU,8/23/2022,,OL01,,,,,
KR220119,L 8331 UU,8/23/2022,,US06,,,,,
KR220119,L 8331 UU,8/23/2022,,LA03,,,,,
KR220119,L 8331 UU,8/23/2022,,US03,,,,,
KR220119,L 8331 UU,8/23/2022,,US06,,,,,
KR220119,L 8331 UU,8/23/2022,,LS06,,,,,
KR220119,L 8331 UU,8/23/2022,,,,,,,
KR220120,L 8207 UO,8/23/2022,,US06,,,,,
KR220120,L 8207 UO,8/23/2022,,LA07,,,,,
KR220120,L 8207 UO,8/23/2022,,US01,,,,,
KR220120,L 8207 UO,8/23/2022,,KS03,,,,,
KR220120,L 8207 UO,8/23/2022,,,,,,,
KR220121,L 9331 UP,8/23/2022,,,,,,,
KR220122,L 8427 UO,8/23/2022,,US06,,,,,
KR220122,L 8427 UO,8/23/2022,,LA02,,,,,
KR220122,L 8427 UO,8/23/2022,,LA02,,,,,
KR220122,L 8427 UO,8/23/2022,,LA07,,,,,
KR220122,L 8427 UO,8/23/2022,,LA07,,,,,
KR220122,L 8427 UO,8/23/2022,,US06,,,,,
KR220122,L 8427 UO,8/23/2022,,LA07,,,,,
KR220122,L 8427 UO,8/23/2022,,US06,,,,,
KR220122,L 8427 UO,8/23/2022,,,,,,,
KR220123,L 9773 UE,8/24/2022,,LS01,,,,,
KR220123,L 9773 UE,8/24/2022,,LS01,,,,,
KR220123,L 9773 UE,8/24/2022,,,,,,,
KR220124,L 8580 UU,8/24/2022,,OL01,,,,,
KR220124,L 8580 UU,8/24/2022,,OL01,,,,,
KR220124,L 8580 UU,8/24/2022,,OL02,,,,,
KR220124,L 8580 UU,8/24/2022,,US06,,,,,
KR220124,L 8580 UU,8/24/2022,,US06,,,,,
KR220124,L 8580 UU,8/24/2022,,OL01,,,,,
KR220124,L 8580 UU,8/24/2022,,OL01,,,,,
KR220124,L 8580 UU,8/24/2022,,OL01,,,,,
KR220124,L 8580 UU,8/24/2022,,,,,,,
KR220125,,8/24/2022,,BN01,,,,,
KR220125,,8/24/2022,,BN01,,,,,
KR220125,,8/24/2022,,BN01,,,,,
KR220125,,8/24/2022,,US01,,,,,
KR220125,,8/24/2022,,,,,,,
KR220126,L 9290 UO,8/24/2022,,LS06,,,,,
KR220126,L 9290 UO,8/24/2022,,LS06,,,,,
KR220126,L 9290 UO,8/24/2022,,,,,,,
KR220127,L 9654 UP,8/18/2022,,LA01,,,,,
KR220127,L 9654 UP,8/18/2022,,US06,,,,,
KR220127,L 9654 UP,8/18/2022,,LS06,,,,,
KR220127,L 9654 UP,8/18/2022,,LS03,,,,,
KR220127,L 9654 UP,8/18/2022,,US06,,,,,
KR220127,L 9654 UP,8/18/2022,,LS06,,,,,
KR220127,L 9654 UP,8/18/2022,,,,,,,
KR220129,L 9160 UO,8/24/2022,,,,,,,
KR220130,L 9357 UA,8/24/2022,,,,,,,
KR220131,L 8472 UO,8/24/2022,,,,,,,
KR220132,L 9673 UN,8/8/2022,,US06,,,,,
KR220132,L 9673 UN,8/8/2022,,LS06,,,,,
KR220132,L 9673 UN,8/8/2022,,US06,,,,,
KR220132,L 9673 UN,8/8/2022,,,,,,,
KR220133,L 8335 UU,8/8/2022,,US04,,,,,
KR220133,L 8335 UU,8/8/2022,,US03,,,,,
KR220133,L 8335 UU,8/8/2022,,,,,,,
KR220134,L 8567 UO,8/8/2022,,US06,,,,,
KR220134,L 8567 UO,8/8/2022,,,,,,,
KR220135,L 9767 UP,8/9/2022,,US04,,,,,
KR220135,L 9767 UP,8/9/2022,,LS03,,,,,
KR220135,L 9767 UP,8/9/2022,,LS03,,,,,
KR220135,L 9767 UP,8/9/2022,,LS03,,,,,
KR220135,L 9767 UP,8/9/2022,,US03,,,,,
KR220135,L 9767 UP,8/9/2022,,,,,,,
KR220137,L 9030 UT,8/9/2022,,OL01,,,,,
KR220137,L 9030 UT,8/9/2022,,US06,,,,,
KR220137,L 9030 UT,8/9/2022,,,,,,,
KR220138,L 8215 UG,8/9/2022,,BN01,,,,,
KR220138,L 8215 UG,8/9/2022,,BN01,,,,,
KR220138,L 8215 UG,8/9/2022,,US04,,,,,
KR220138,L 8215 UG,8/9/2022,,OL01,,,,,
KR220138,L 8215 UG,8/9/2022,,US08,,,,,
KR220138,L 8215 UG,8/9/2022,,US03,,,,,
KR220138,L 8215 UG,8/9/2022,,,,,,,
KR220139,L 8895 UR,8/12/2022,,US01,,,,,
KR220139,L 8895 UR,8/12/2022,,US01,,,,,
KR220139,L 8895 UR,8/12/2022,,,,,,,
KR220140,L 8349 UZ,8/12/2022,,US06,,,,,
KR220140,L 8349 UZ,8/12/2022,,,,,,,
KR220141,L 9841 US,8/13/2022,,BN01,,,,,
KR220141,L 9841 US,8/13/2022,,BN01,,,,,
KR220141,L 9841 US,8/13/2022,,BN01,,,,,
KR220141,L 9841 US,8/13/2022,,US06,,,,,
KR220141,L 9841 US,8/13/2022,,US02,,,,,
KR220141,L 9841 US,8/13/2022,,,,,,,
KR220142,L 9770 UE,8/15/2022,,US06,,,,,
KR220142,L 9770 UE,8/15/2022,,US06,,,,,
KR220142,L 9770 UE,8/15/2022,,,,,,,
KR220143,L 8495 UU,8/15/2022,,OL01,,,,,
KR220143,L 8495 UU,8/15/2022,,US06,,,,,
KR220143,L 8495 UU,8/15/2022,,US06,,,,,
KR220143,L 8495 UU,8/15/2022,,US07,,,,,
KR220143,L 8495 UU,8/15/2022,,,,,,,
KR220144,L 8332 UU,8/15/2022,,OL01,,,,,
KR220144,L 8332 UU,8/15/2022,,KS03,,,,,
KR220144,L 8332 UU,8/15/2022,,,,,,,
KR220145,L 8114 UO,8/15/2022,,OL01,,,,,
KR220145,L 8114 UO,8/15/2022,,,,,,,
KR220146,L 9399 US,8/15/2022,,OL01,,,,,
KR220146,L 9399 US,8/15/2022,,,,,,,
KR220147,L 8657 UQ,8/16/2022,,US06,,,,,
KR220147,L 8657 UQ,8/16/2022,,,,,,,
KR220148,L 9866 UP,8/12/2022,,OL01,,,,,
KR220148,L 9866 UP,8/12/2022,,OL01,,,,,
KR220148,L 9866 UP,8/12/2022,,LA07,,,,,
KR220148,L 9866 UP,8/12/2022,,LA07,,,,,
KR220148,L 9866 UP,8/12/2022,,LS06,,,,,
KR220148,L 9866 UP,8/12/2022,,US06,,,,,
KR220148,L 9866 UP,8/12/2022,,US06,,,,,
KR220148,L 9866 UP,8/12/2022,,US06,,,,,
KR220148,L 9866 UP,8/12/2022,,US06,,,,,
KR220148,L 9866 UP,8/12/2022,,,,,,,
KR220149,L 9741 UR,8/15/2022,,US04,,,,,
KR220149,L 9741 UR,8/15/2022,,US03,,,,,
KR220149,L 9741 UR,8/15/2022,,US03,,,,,
KR220149,L 9741 UR,8/15/2022,,US04,,,,,
KR220149,L 9741 UR,8/15/2022,,,,,,,
KR220150,L 8015 UB,8/25/2022,,,,,,,
KR220151,L 8017 UM,8/25/2022,,OL01,,,,,
KR220151,L 8017 UM,8/25/2022,,US06,,,,,
KR220151,L 8017 UM,8/25/2022,,US06,,,,,
KR220151,L 8017 UM,8/25/2022,,US05,,,,,
KR220151,L 8017 UM,8/25/2022,,US06,,,,,
KR220151,L 8017 UM,8/25/2022,,LA07,,,,,
KR220151,L 8017 UM,8/25/2022,,US05,,,,,
KR220151,L 8017 UM,8/25/2022,,US06,,,,,
KR220151,L 8017 UM,8/25/2022,,US06,,,,,
KR220151,L 8017 UM,8/25/2022,,US05,,,,,
KR220151,L 8017 UM,8/25/2022,,US05,,,,,
KR220151,L 8017 UM,8/25/2022,,US05,,,,,
KR220151,L 8017 UM,8/25/2022,,US05,,,,,
KR220151,L 8017 UM,8/25/2022,,US05,,,,,
KR220151,L 8017 UM,8/25/2022,,US06,,,,,
KR220151,L 8017 UM,8/25/2022,,US06,,,,,
KR220151,L 8017 UM,8/25/2022,,US06,,,,,
KR220151,L 8017 UM,8/25/2022,,US06,,,,,
KR220151,L 8017 UM,8/25/2022,,,,,,,
KR220153,L 8673 UQ,8/22/2022,,,,,,,
KR220154,L 8674 UQ,8/23/2022,,,,,,,
KR220155,L 8319 UG,8/24/2022,,,,,,,
KR220156,L 9996 UR,8/24/2022,,,,,,,
KR220157,L 8470 UZ,8/24/2022,,,,,,,
KR220158,L 9412 UR,8/24/2022,,,,,,,
KR220159,L 8941 UO,8/24/2022,,,,,,,
KR220160,L 8674 UR,8/24/2022,,,,,,,
KR220161,L 9376 UR,8/25/2022,,,,,,,
KR220162,L 8515 UU,8/25/2022,,,,,,,
KR220163,L 8308 UG,8/26/2022,,,,,,,
KR220164,L 9169 UR,8/26/2022,,,,,,,
KR220165,L 9199 US,8/26/2022,,,,,,,
KR220166,L 8203 UO,8/26/2022,,,,,,,
KR220169,L 9159 UN,8/26/2022,,,,,,,
KR220170,L 9185 UR,8/23/2022,,OL01,,,,,
KR220170,L 9185 UR,8/23/2022,,OL01,,,,,
KR220170,L 9185 UR,8/23/2022,,US06,,,,,
KR220170,L 9185 UR,8/23/2022,,OL01,,,,,
KR220170,L 9185 UR,8/23/2022,,US05,,,,,
KR220170,L 9185 UR,8/23/2022,,US05,,,,,
KR220170,L 9185 UR,8/23/2022,,US06,,,,,
KR220170,L 9185 UR,8/23/2022,,,,,,,
KR220172,L 9867 UP,6/10/2022,,,,,,,
KR220173,L 8269 UC,8/26/2022,,,,,,,
KR220174,L 8439 UO,8/27/2022,,,,,,,
KR220176,L 9621 US,8/22/2022,,,,,,,
KR220177,L 9813 UM,8/29/2022,,,,,,,
KR220178,L 9653 UP,8/30/2022,,,,,,,
KR220179,L 8206 UO,8/30/2022,,,,,,,
KR220180,L 8854 UO,8/30/2022,,,,,,,
KR220181,L 8233 UO,8/30/2022,,,,,,,
KR220182,L 8494 UU,8/26/2022,,,,,,,
KR220183,L 9472 UR,8/27/2022,,,,,,,
KR220184,L 8314 UO,8/27/2022,,,,,,,
KR220185,L 9460 UO,8/28/2022,,,,,,,
KR220186,L 9701 UP,8/29/2022,,,,,,,
KR220187,L 9941 UN,8/30/2022,,,,,,,
KR220188,L 9991 UP,8/30/2022,,,,,,,
KR220190,L 8014 UB,8/31/2022,,,,,,,
KR220191,L 9675 UP,8/31/2022,,,,,,,
